{"cameraMode":{"drawMode":0,"name":"Shaded","section":"Shading Mode"},"sceneLighting":false,"audioPlay":false,"sceneViewState":{"m_AlwaysRefresh":false,"showFog":true,"showSkybox":false,"showFlares":true,"showImageEffects":true,"showParticleSystems":true,"showVisualEffectGraphs":true,"m_FxEnabled":true},"in2DMode":false,"pivot":{"x":18.95567512512207,"y":-0.07299995422363281,"z":-3.2939999103546144},"rotation":{"x":-0.20692013204097749,"y":0.4303092062473297,"z":-0.10202977806329727,"w":-0.8726891875267029},"size":0.43994075059890749,"orthographic":false}